"word","community","count"
"sir",1,923
"crawford",2,493
"gutenberg",3,92
"miss",2,1963
"captain",1,343
"elinor",4,626
"dear",4,960
"emma",5,789
"bates",2,126
"fairfax",5,211
"churchill",5,193
"lady",1,1016
"catherine",6,558
"bertram",2,240
"edmund",2,364
"fanny",2,865
"brandon",4,120
"half",7,526
"father",8,623
"darcy",9,375
"john",4,286
"day",7,848
"friend",8,609
"anne",1,468
"elizabeth",9,701
"jane",5,576
"bingley",9,259
"heard",6,490
"bennet",9,297
"1",3,52
"elton",5,319
"cried",4,419
"dashwood",4,238
"pounds",6,95
"hope",8,651
"happy",8,562
"sister",4,768
"brother",8,473
"house",7,752
"benwick",1,66
"elliot",1,254
"letter",9,546
"hear",4,416
"home",7,567
"edward",4,283
"morning",7,474
"courcy",1,51
"mother",4,651
"crawford's",2,112
"life",8,394
"marianne",4,510
"family",8,611
"short",8,340
"mind",8,600
"dr",2,76
"found",7,502
"love",8,568
"till",7,523
"james",1,134
"attention",9,317
"colonel",4,304
"harriet",5,419
"left",7,451
"aunt",2,280
"leave",7,337
"party",7,376
"feelings",8,571
"manner",8,422
"body",5,236
"de",1,96
"idea",5,326
"ladies",9,240
"married",8,244
"evening",7,411
"heart",8,518
"minutes",6,276
"daughter",1,296
"looked",6,412
"immediately",6,355
"moment",6,552
"speak",6,416
"answer",9,299
"hour",7,329
"poor",5,462
"project",3,106
"subject",9,445
"care",7,226
"dinner",7,200
"jennings",4,206
"julia",2,121
"people",8,377
"charles",1,199
"collins",9,157
"feel",8,430
"return",7,309
"suppose",8,369
"account",4,286
"acquaintance",8,344
"eyes",6,325
"friends",8,333
"passed",7,324
"allen",6,116
"days",7,273
"door",6,266
"glad",4,274
"ill",8,340
"knightley",5,356
"frank",5,210
"affection",8,318
"girl",8,254
"called",6,237
"chapter",7,327
"pleasure",9,493
"spent",7,134
"time",7,1434
"agreeable",8,250
"carriage",6,248
"scarcely",6,195
"spirits",8,350
"conversation",9,260
"country",7,225
"dare",4,229
"entered",7,195
"london",7,265
"mansfield",7,185
"bath",7,231
"comfort",8,301
"deal",7,319
"directly",7,201
"doubt",8,301
"engaged",4,206
"norris",2,185
"extremely",2,143
"happiness",8,396
"henry",2,272
"ma'am",4,117
"returned",7,245
"business",7,260
"character",8,303
"coming",7,305
"afraid",5,214
"creature",4,136
"garden",7,59
"marry",8,216
"perfectly",8,293
"assure",4,210
"brought",7,295
"fine",7,228
"hours",7,199
"low",4,100
"continued",4,255
"lucy",4,161
"means",8,271
"obliged",7,310
"weston",5,389
"charlotte",9,117
"equal",8,202
"feeling",8,257
"hand",6,258
"martin",5,85
"meet",7,160
"replied",4,440
"susan",1,157
"beg",2,68
"call",7,179
"change",8,213
"convinced",8,188
"fortune",8,222
"laura",9,53
"met",7,206
"opinion",8,369
"sort",8,305
"woman",8,465
"cottage",7,114
"hall",1,80
"head",7,231
"impossible",8,232
"marriage",8,246
"park",7,155
"pretty",8,257
"talk",4,247
"ten",6,175
"bad",5,182
"children",8,235
"determined",4,245
"frederica",1,72
"hartfield",5,159
"manners",8,243
"object",8,244
"power",8,242
"remember",4,166
"set",7,272
"sisters",9,223
"added",4,250
"affectionate",8,104
"allowed",2,147
"breakfast",7,118
"cousin",2,183
"expect",8,159
"farther",7,182
"louisa",1,125
"middleton",1,88
"morrow",7,132
"pause",4,89
"ready",6,234
"rushworth",2,185
"talked",7,248
"talking",9,204
"ah",5,101
"attachment",8,201
"attentions",2,119
"brother's",2,88
"engagement",4,183
"expected",4,218
"gentlemen",9,99
"giving",9,201
"handsome",8,191
"hearing",2,153
"hoped",2,174
"hundred",6,80
"information",3,116
"isabella",6,187
"kindness",2,208
"night",7,206
"person",8,288
"reached",7,108
"rest",7,293
"settled",7,220
"situation",8,268
"spoke",6,240
"books",9,69
"company",1,190
"dance",9,136
"easy",7,140
"eldest",1,99
"father's",7,163
"fond",2,141
"honour",1,149
"lost",7,126
"lucas",9,65
"mentioned",2,126
"morland",2,125
"received",9,276
"sat",6,187
"absence",7,121
"answered",9,142
"appeared",7,208
"beauty",8,158
"beginning",5,145
"calling",2,79
"child",4,164
"common",8,178
"dancing",9,103
"ferrars",4,121
"gentleman",1,166
"henrietta",1,83
"kellynch",1,73
"length",7,106
"sitting",2,156
"stay",7,203
"thinking",5,200
"acquainted",4,147
"aware",2,137
"ball",9,125
"bear",5,181
"civility",9,96
"forget",7,112
"girls",4,142
"law",4,102
"maria",2,150
"mary",1,239
"paid",3,79
"reason",8,263
"thorpe",2,126
"admiral",1,92
"advantage",7,166
"ago",7,141
"behaviour",9,198
"believed",8,195
"caught",6,87
"countenance",6,154
"cousins",1,104
"highly",1,115
"human",8,54
"husband",8,198
"imagine",8,185
"kitty",9,72
"leaving",7,122
"news",5,115
"question",9,171
"read",9,227
"thomas",1,299
"_that_",2,151
"_you_",4,119
"air",7,177
"appearance",9,197
"clay",1,58
"comfortable",7,135
"elton's",5,67
"fellow",5,76
"forward",7,182
"grant",2,143
"influence",8,129
"matter",4,210
"meeting",9,156
"mention",7,103
"pain",9,154
"pay",7,86
"sense",8,223
"smile",6,175
"spend",7,80
"street",7,193
"admiration",2,134
"anxious",2,171
"beautiful",2,87
"charming",4,114
"cold",7,152
"curiosity",2,143
"daughters",1,140
"delighted",1,143
"delightful",4,143
"drawing",7,166
"fancy",2,145
"happened",7,124
"humour",8,102
"intimacy",5,83
"invitation",7,126
"join",7,93
"knowledge",8,156
"loss",7,109
"loved",8,128
"meaning",2,126
"meant",2,157
"round",6,166
"sight",1,140
"son",1,213
"spare",7,55
"tom",2,82
"absolutely",2,106
"amiable",8,164
"attached",8,97
"barton",4,90
"book",2,82
"conduct",8,179
"consequence",8,177
"considered",4,141
"couple",2,67
"degree",8,182
"edward's",4,53
"effect",2,118
"health",8,138
"highbury",5,125
"hill",7,60
"inclination",2,115
"instantly",6,155
"letters",9,135
"lydia",9,133
"marrying",2,104
"period",7,84
"real",8,201
"speaking",2,181
"superior",5,128
"_her_",2,115
"angry",2,104
"arrived",9,115
"card",2,53
"close",2,92
"companion",7,122
"danger",7,128
"dearest",6,113
"difference",2,136
"disposed",2,111
"favour",2,126
"finding",7,112
"late",7,139
"living",7,135
"lose",7,73
"madam",4,73
"match",1,125
"miles",6,101
"observed",2,127
"pleased",8,195
"pray",2,111
"randalls",5,90
"regard",8,232
"resolution",7,113
"resolved",7,132
"satisfaction",1,156
"satisfied",5,208
"sit",4,136
"agree",3,60
"arrival",7,136
"bring",7,142
"catherine's",1,75
"circle",8,56
"circumstances",8,165
"civil",2,73
"closed",6,56
"declare",2,65
"emma's",5,79
"excellent",4,131
"expression",6,78
"eye",6,145
"fair",1,127
"fear",4,112
"fixed",6,125
"gratitude",2,117
"horse",2,79
"live",6,125
"months",7,159
"nature",8,223
"occasion",8,177
"repeated",2,108
"suffered",7,84
"table",2,177
"uppercross",1,77
"ashamed",2,106
"avoid",7,98
"concern",4,116
"confidence",4,103
"considerable",7,77
"credit",2,106
"delight",2,121
"desire",2,114
"dining",6,61
"distance",7,103
"drawn",2,60
"dress",2,71
"elegant",8,81
"equally",4,146
"evil",8,137
"expressed",2,92
"formed",2,96
"fortnight",7,89
"future",8,114
"gentle",2,73
"guess",2,62
"hands",1,110
"joined",2,99
"judgment",8,123
"mine",8,109
"musgrove",1,126
"natural",8,188
"opportunity",2,139
"pleasant",7,147
"price",2,114
"proper",5,146
"required",7,79
"servant",7,86
"silent",4,135
"spite",4,157
"staying",7,79
"told",7,368
"uncle",2,205
"wife",8,280
"accept",7,70
"act",2,102
"affected",8,73
"anxiety",4,102
"astonishment",9,93
"attended",2,97
"bed",4,87
"charge",3,64
"circumstance",7,130
"compliments",2,60
"decided",2,105
"deserve",2,62
"elinor's",4,62
"estate",8,77
"exceedingly",2,103
"excuse",2,101
"exercise",7,65
"fall",8,52
"fanny's",2,115
"finished",9,55
"grave",6,58
"happen",7,67
"hopes",1,121
"hurry",7,78
"introduced",1,73
"light",7,102
"listened",9,103
"lord",4,94
"marianne's",4,74
"neighbourhood",7,97
"niece",2,88
"notice",6,162
"past",8,130
"persuaded",7,124
"rain",7,62
"russell",1,118
"scheme",7,102
"silence",4,148
"smith",2,163
"stood",7,77
"sudden",7,89
"surprise",9,167
"temper",8,149
"visit",7,324
"walk",7,267
"accepted",7,64
"admire",2,68
"age",8,113
"attempt",2,96
"begin",5,92
"church",7,52
"compliment",1,97
"disagreeable",2,69
"eager",4,104
"expectation",9,91
"folly",7,82
"friendship",2,113
"infinitely",5,51
"journey",7,120
"lived",8,114
"miserable",4,65
"misery",8,95
"plan",7,129
"prevent",7,107
"pride",8,123
"ran",7,62
"reading",9,89
"reginald",1,74
"regret",9,124
"remaining",7,54
"society",8,166
"sooner",7,74
"spoken",6,121
"stand",7,83
"strong",8,181
"struck",2,112
"taking",2,161
"tilney",2,196
"town",7,282
"understand",8,240
"write",9,164
"_she_",2,90
"abbey",7,74
"agreed",2,91
"assured",4,117
"chance",7,112
"complete",7,77
"composure",7,61
"confusion",8,66
"consciousness",2,83
"cut",4,51
"depend",4,105
"desirable",7,65
"difficulty",5,102
"disposition",8,135
"domestic",8,52
"drew",7,71
"due",2,91
"duty",2,118
"earnestly",2,62
"ease",8,107
"education",4,81
"eleanor",6,68
"england",7,74
"entrance",7,60
"excessively",2,52
"gardiner",9,84
"harville",1,63
"hint",2,75
"hold",2,64
"income",7,84
"increased",7,75
"intimate",8,65
"invited",7,71
"judge",2,88
"knowing",5,126
"liberty",2,67
"listen",2,84
"lively",2,84
"matters",2,67
"parties",7,83
"pass",7,101
"play",2,140
"promise",7,97
"purpose",2,124
"quarter",7,84
"removed",7,72
"respect",8,173
"returning",7,89
"sake",7,133
"seated",2,56
"secure",7,78
"sister's",4,142
"stop",2,53
"taste",8,164
"view",7,133
"acknowledged",9,81
"address",8,84
"afford",8,60
"amusement",7,80
"arm",6,66
"attend",2,68
"concerned",2,78
"connected",8,59
"connection",8,64
"death",7,95
"declared",7,77
"delay",7,79
"died",1,51
"dine",7,71
"disappointment",4,110
"doors",6,64
"dreadful",7,87
"enter",7,59
"event",4,116
"explanation",7,78
"extraordinary",2,84
"fire",7,80
"follow",2,61
"form",7,89
"frequent",7,55
"friendly",2,54
"greatly",1,85
"habit",7,64
"hard",2,69
"harriet's",5,91
"history",9,66
"horses",6,86
"importance",7,105
"intended",1,95
"learn",2,67
"longbourn",9,88
"lyme",1,67
"master",1,57
"merit",2,66
"nay",7,77
"partner",9,67
"perceive",7,51
"pity",2,103
"pleasing",8,101
"profession",7,60
"promised",2,99
"prove",7,55
"quiet",7,108
"reasonable",7,75
"remained",4,130
"suffer",7,67
"supposed",2,162
"tea",2,101
"thousand",6,137
"tone",4,108
"twenty",6,138
"united",3,63
"voice",4,228
"women",2,113
"absent",7,51
"agitation",7,97
"alarm",7,100
"anne's",1,52
"approbation",5,62
"blush",2,54
"bringing",7,61
"burst",6,54
"capable",8,85
"chief",2,52
"choice",7,90
"clever",2,71
"conviction",8,106
"distress",8,134
"easily",8,121
"enjoyment",9,109
"express",2,84
"favourite",6,110
"feared",7,64
"fell",6,53
"figure",2,54
"forced",9,101
"forgotten",7,75
"ground",7,70
"indifference",5,86
"indifferent",7,75
"informed",2,60
"inquiry",7,61
"laughed",2,66
"led",7,108
"likewise",2,66
"makes",2,78
"mistaken",2,120
"moment's",4,66
"money",8,130
"mother's",4,138
"music",2,73
"noble",1,54
"particulars",6,90
"perry",2,74
"plain",8,83
"praise",2,131
"proved",7,84
"rate",7,63
"receive",7,100
"receiving",9,81
"remain",4,85
"reply",9,100
"rich",1,78
"secret",7,78
"share",9,109
"spring",7,54
"story",7,69
"summer",7,69
"terms",3,101
"walking",7,150
"wentworth",1,191
"woodhouse",5,277
"walter",1,124
"william",1,205
"willoughby",4,185
"vernon",1,104
"world",8,455
"word",5,309
"writing",9,101
"walked",7,239
"minute",7,72
"written",9,110
"wickham",9,162
"lizzy",9,95
"wrote",9,82
"usual",7,189
"robert",5,65
"words",6,221
"pardon",2,54
"parsonage",7,85
"wished",4,258
"pemberley",9,53
"weather",7,110
"wait",7,99
"ladyship",1,69
"week",7,183
"offer",2,114
"wishes",1,150
"times",2,130
"weeks",7,129
"window",6,100
"yesterday",7,97
"truth",4,163
"tired",2,72
"yates",1,58
"netherfield",9,73
"obliging",2,66
"possibly",2,57
"understanding",8,126
"worse",5,138
"trouble",1,117
"trust",7,82
"note",2,91
"wrong",7,141
"tears",6,82
"tenderness",8,69
"style",7,109
"speech",2,87
"surprised",4,123
"sotherton",2,54
"parlour",6,65
"smiling",5,83
"respectable",8,78
"odd",4,75
"run",2,68
"sweet",8,101
"waiting",7,98
"unhappy",4,103
"suspect",5,61
"understood",7,101
"worth",8,149
"tender",8,68
"warm",8,101
"send",2,96
"servants",7,71
"village",7,53
"quick",2,88
"telling",2,60
"soul",5,56
"drive",6,66
"norland",4,55
"produced",2,90
"observing",2,62
"palmer",4,67
"peace",8,64
"persuade",2,83
"proceeded",2,69
"public",2,84
"seat",2,74
"proof",9,89
"proud",8,58
"wishing",7,98
"hair",4,56
"exclaimed",4,70
"felicity",4,67
"shut",6,51
"stopped",6,66
"vain",1,115
"laughing",5,59
"perfect",5,115
"justice",8,99
"post",9,58
"vanity",8,85
"reflection",8,79
"observe",2,76
"opinions",2,69
"smiles",2,53
"standing",2,77
"suspicion",2,72
"thrown",2,70
"warmly",2,65
"wholly",7,75
"sea",4,52
"elegance",8,69
"recollect",4,58
"joy",4,87
"moments",4,83
"strange",4,86
"meryton",9,57
"weston's",5,51
"relief",2,65
"support",3,90
"refuse",5,54
"succeeded",2,64
"prospect",7,71
"occupied",8,53
"overcome",2,58
"picture",2,76
"properly",2,64
"readily",2,54
"shame",2,52
"smiled",2,69
"piece",5,59
"slight",8,69
"questions",9,56
"sound",6,70
"eagerly",4,68
"month",4,52
"nice",4,58
"single",4,70
"melancholy",4,77
"resentment",9,62
"fortunate",5,61
"language",2,62
"fresh",7,68
"views",2,72
"warmth",8,68
"presence",8,51
"objection",2,74
"observation",2,82
"prepared",2,72
"reach",2,53
"request",2,52
"service",2,78
"supposing",2,67
"utmost",6,60
"suffering",9,76
"sad",5,63
"winter",7,71
